n;type;threshold;msec
500;"random";0;438084
600;"random";0;479792
700;"random";0;453166
800;"random";0;518750
900;"random";0;594958
1000;"random";0;660375
1100;"random";0;729708
1200;"random";0;908250
1300;"random";0;858459
1400;"random";0;921625
1500;"random";0;989167
1600;"random";0;1333959
1700;"random";0;1577209
1800;"random";0;1678542
1900;"random";0;1687292
2000;"random";0;1466375
2100;"random";0;1867459
2200;"random";0;1741500
2300;"random";0;1743375
2400;"random";0;1801375
2500;"random";0;1990042
2600;"random";0;2179750
2700;"random";0;2132125
2800;"random";0;2184625
2900;"random";0;2253916
3000;"random";0;2393125
3100;"random";0;2304500
3200;"random";0;2359917
3300;"random";0;2265417
3400;"random";0;2198542
3500;"random";0;2204167
3600;"random";0;2259250
3700;"random";0;2301083
3800;"random";0;2266792
3900;"random";0;2302916
4000;"random";0;2354250
4100;"random";0;2413959
4200;"random";0;2305292
4300;"random";0;2385583
4400;"random";0;2461583
4500;"random";0;2483834
4600;"random";0;2525375
4700;"random";0;2560458
4800;"random";0;2588959
4900;"random";0;2617709
5000;"random";0;2668792
5100;"random";0;2718542
5200;"random";0;2869334
5300;"random";0;2741916
5400;"random";0;2799084
5500;"random";0;2821708
5600;"random";0;2872958
5700;"random";0;2924167
5800;"random";0;2967667
5900;"random";0;3016667
6000;"random";0;3067708
6100;"random";0;3117208
6200;"random";0;3197375
6300;"random";0;3251000
6400;"random";0;3301458
6500;"random";0;3420833
6600;"random";0;3459833
6700;"random";0;3483333
6800;"random";0;3564292
6900;"random";0;3587042
7000;"random";0;3642250
7100;"random";0;3701750
7200;"random";0;3756375
7300;"random";0;3813583
7400;"random";0;3868584
7500;"random";0;3919250
7600;"random";0;3965458
7700;"random";0;4012542
7800;"random";0;4061292
7900;"random";0;4105125
8000;"random";0;4151333
8100;"random";0;4220708
8200;"random";0;4268917
8300;"random";0;4349792
8400;"random";0;4400542
8500;"random";0;4445959
8600;"random";0;4487166
8700;"random";0;4544042
8800;"random";0;4605542
8900;"random";0;4650541
9000;"random";0;4720000
9100;"random";0;4885666
9200;"random";0;4788584
9300;"random";0;4850708
9400;"random";0;4906417
9500;"random";0;4956625
9600;"random";0;5049125
9700;"random";0;5086083
9800;"random";0;5147875
9900;"random";0;5185791
10000;"random";0;5239042
500;"reversed";0;228458
600;"reversed";0;273125
700;"reversed";0;320417
800;"reversed";0;370000
900;"reversed";0;422833
1000;"reversed";0;468916
1100;"reversed";0;517875
1200;"reversed";0;566208
1300;"reversed";0;621459
1400;"reversed";0;663958
1500;"reversed";0;721125
1600;"reversed";0;764875
1700;"reversed";0;821167
1800;"reversed";0;871584
1900;"reversed";0;923583
2000;"reversed";0;970792
2100;"reversed";0;1018625
2200;"reversed";0;1073875
2300;"reversed";0;1120375
2400;"reversed";0;1174084
2500;"reversed";0;1227541
2600;"reversed";0;1270625
2700;"reversed";0;1329334
2800;"reversed";0;1376250
2900;"reversed";0;1423625
3000;"reversed";0;1476084
3100;"reversed";0;1523916
3200;"reversed";0;1581125
3300;"reversed";0;1638500
3400;"reversed";0;1699458
3500;"reversed";0;1748583
3600;"reversed";0;1801500
3700;"reversed";0;1860417
3800;"reversed";0;1909958
3900;"reversed";0;1963834
4000;"reversed";0;2006166
4100;"reversed";0;2052334
4200;"reversed";0;2108708
4300;"reversed";0;2165958
4400;"reversed";0;2211250
4500;"reversed";0;2263750
4600;"reversed";0;2315583
4700;"reversed";0;2371958
4800;"reversed";0;2422292
4900;"reversed";0;2475792
5000;"reversed";0;2532333
5100;"reversed";0;2576416
5200;"reversed";0;2629959
5300;"reversed";0;2683666
5400;"reversed";0;2733125
5500;"reversed";0;2787292
5600;"reversed";0;2832458
5700;"reversed";0;2883542
5800;"reversed";0;2940917
5900;"reversed";0;2990375
6000;"reversed";0;3050959
6100;"reversed";0;3093875
6200;"reversed";0;3155417
6300;"reversed";0;3208166
6400;"reversed";0;3268709
6500;"reversed";0;3399500
6600;"reversed";0;3432125
6700;"reversed";0;3464875
6800;"reversed";0;3521417
6900;"reversed";0;3582208
7000;"reversed";0;3611375
7100;"reversed";0;3656416
7200;"reversed";0;3727875
7300;"reversed";0;3776291
7400;"reversed";0;3875750
7500;"reversed";0;3909041
7600;"reversed";0;3951916
7700;"reversed";0;4002917
7800;"reversed";0;4049750
7900;"reversed";0;4166000
8000;"reversed";0;4225250
8100;"reversed";0;4284833
8200;"reversed";0;4326583
8300;"reversed";0;4399792
8400;"reversed";0;4450875
8500;"reversed";0;4503375
8600;"reversed";0;4557791
8700;"reversed";0;4605792
8800;"reversed";0;4663000
8900;"reversed";0;4717083
9000;"reversed";0;4769125
9100;"reversed";0;4821291
9200;"reversed";0;4866542
9300;"reversed";0;4930959
9400;"reversed";0;4986542
9500;"reversed";0;5080041
9600;"reversed";0;5102666
9700;"reversed";0;5177375
9800;"reversed";0;5235750
9900;"reversed";0;5278167
10000;"reversed";0;5324167
500;"almost_sorted";0;231166
600;"almost_sorted";0;278917
700;"almost_sorted";0;329833
800;"almost_sorted";0;377084
900;"almost_sorted";0;427459
1000;"almost_sorted";0;477750
1100;"almost_sorted";0;526875
1200;"almost_sorted";0;575291
1300;"almost_sorted";0;632833
1400;"almost_sorted";0;676625
1500;"almost_sorted";0;725416
1600;"almost_sorted";0;779750
1700;"almost_sorted";0;833208
1800;"almost_sorted";0;889250
1900;"almost_sorted";0;936959
2000;"almost_sorted";0;992042
2100;"almost_sorted";0;1041834
2200;"almost_sorted";0;1088750
2300;"almost_sorted";0;1151292
2400;"almost_sorted";0;1198791
2500;"almost_sorted";0;1247667
2600;"almost_sorted";0;1298500
2700;"almost_sorted";0;1349833
2800;"almost_sorted";0;1402083
2900;"almost_sorted";0;1448250
3000;"almost_sorted";0;1499875
3100;"almost_sorted";0;1556083
3200;"almost_sorted";0;1616958
3300;"almost_sorted";0;1675667
3400;"almost_sorted";0;1740958
3500;"almost_sorted";0;1785584
3600;"almost_sorted";0;1830959
3700;"almost_sorted";0;1897000
3800;"almost_sorted";0;1943750
3900;"almost_sorted";0;2002208
4000;"almost_sorted";0;2036416
4100;"almost_sorted";0;2086500
4200;"almost_sorted";0;2147500
4300;"almost_sorted";0;2202000
4400;"almost_sorted";0;2256750
4500;"almost_sorted";0;2304625
4600;"almost_sorted";0;2372292
4700;"almost_sorted";0;2409958
4800;"almost_sorted";0;2468125
4900;"almost_sorted";0;2546292
5000;"almost_sorted";0;2596041
5100;"almost_sorted";0;2769458
5200;"almost_sorted";0;2823666
5300;"almost_sorted";0;3065459
5400;"almost_sorted";0;3192250
5500;"almost_sorted";0;3204625
5600;"almost_sorted";0;2847167
5700;"almost_sorted";0;2907916
5800;"almost_sorted";0;2967167
5900;"almost_sorted";0;3054125
6000;"almost_sorted";0;3333500
6100;"almost_sorted";0;3112791
6200;"almost_sorted";0;3250375
6300;"almost_sorted";0;3381250
6400;"almost_sorted";0;3327708
6500;"almost_sorted";0;3587583
6600;"almost_sorted";0;3584041
6700;"almost_sorted";0;4709833
6800;"almost_sorted";0;3791833
6900;"almost_sorted";0;4119458
7000;"almost_sorted";0;3823083
7100;"almost_sorted";0;4195542
7200;"almost_sorted";0;3899250
7300;"almost_sorted";0;4278291
7400;"almost_sorted";0;4162875
7500;"almost_sorted";0;4223000
7600;"almost_sorted";0;4396500
7700;"almost_sorted";0;4211125
7800;"almost_sorted";0;4166416
7900;"almost_sorted";0;4140750
8000;"almost_sorted";0;4202542
8100;"almost_sorted";0;4267916
8200;"almost_sorted";0;4262666
8300;"almost_sorted";0;4331458
8400;"almost_sorted";0;4377584
8500;"almost_sorted";0;4454916
8600;"almost_sorted";0;4485583
8700;"almost_sorted";0;4541125
8800;"almost_sorted";0;4642542
8900;"almost_sorted";0;4651458
9000;"almost_sorted";0;4703875
9100;"almost_sorted";0;4750417
9200;"almost_sorted";0;4816958
9300;"almost_sorted";0;4857792
9400;"almost_sorted";0;4925250
9500;"almost_sorted";0;5006500
9600;"almost_sorted";0;5037250
9700;"almost_sorted";0;5076541
9800;"almost_sorted";0;5149375
9900;"almost_sorted";0;5202542
10000;"almost_sorted";0;5255667
500;"random";5;110000
600;"random";5;122917
700;"random";5;162000
800;"random";5;204792
900;"random";5;219292
1000;"random";5;232666
1100;"random";5;248084
1200;"random";5;261750
1300;"random";5;284791
1400;"random";5;343375
1500;"random";5;399583
1600;"random";5;432084
1700;"random";5;448375
1800;"random";5;464250
1900;"random";5;480250
2000;"random";5;493458
2100;"random";5;509709
2200;"random";5;526166
2300;"random";5;538709
2400;"random";5;558416
2500;"random";5;573667
2600;"random";5;606500
2700;"random";5;664500
2800;"random";5;723791
2900;"random";5;781250
3000;"random";5;840458
3100;"random";5;893125
3200;"random";5;903541
3300;"random";5;925291
3400;"random";5;941125
3500;"random";5;957208
3600;"random";5;977292
3700;"random";5;994875
3800;"random";5;1012625
3900;"random";5;1027417
4000;"random";5;1046709
4100;"random";5;1059500
4200;"random";5;1077833
4300;"random";5;1097209
4400;"random";5;1119500
4500;"random";5;1131000
4600;"random";5;1154709
4700;"random";5;1180583
4800;"random";5;1193667
4900;"random";5;1211334
5000;"random";5;1223583
5100;"random";5;1234083
5200;"random";5;1289958
5300;"random";5;1355834
5400;"random";5;1414208
5500;"random";5;1476208
5600;"random";5;1528583
5700;"random";5;1594209
5800;"random";5;1650250
5900;"random";5;1709708
6000;"random";5;1773542
6100;"random";5;1841084
6200;"random";5;1873125
6300;"random";5;1888083
6400;"random";5;1901834
6500;"random";5;1921541
6600;"random";5;1947583
6700;"random";5;1963042
6800;"random";5;1981167
6900;"random";5;2000875
7000;"random";5;2024167
7100;"random";5;2047833
7200;"random";5;2065291
7300;"random";5;2088542
7400;"random";5;2109167
7500;"random";5;2209500
7600;"random";5;2168542
7700;"random";5;2147458
7800;"random";5;2163250
7900;"random";5;2179709
8000;"random";5;2202500
8100;"random";5;2232250
8200;"random";5;2282875
8300;"random";5;2277709
8400;"random";5;2297708
8500;"random";5;2316375
8600;"random";5;2329625
8700;"random";5;2344500
8800;"random";5;2369333
8900;"random";5;2451959
9000;"random";5;2507750
9100;"random";5;2442458
9200;"random";5;2434625
9300;"random";5;2463916
9400;"random";5;2478709
9500;"random";5;2492083
9600;"random";5;2545792
9700;"random";5;2583792
9800;"random";5;2613375
9900;"random";5;2667458
10000;"random";5;2640917
500;"reversed";5;107750
600;"reversed";5;120916
700;"reversed";5;159334
800;"reversed";5;201334
900;"reversed";5;214750
1000;"reversed";5;229292
1100;"reversed";5;242708
1200;"reversed";5;259875
1300;"reversed";5;280750
1400;"reversed";5;339292
1500;"reversed";5;397375
1600;"reversed";5;427084
1700;"reversed";5;445292
1800;"reversed";5;461334
1900;"reversed";5;479209
2000;"reversed";5;489084
2100;"reversed";5;507792
2200;"reversed";5;523083
2300;"reversed";5;538541
2400;"reversed";5;557500
2500;"reversed";5;574458
2600;"reversed";5;607625
2700;"reversed";5;667458
2800;"reversed";5;725083
2900;"reversed";5;786500
3000;"reversed";5;845625
3100;"reversed";5;894417
3200;"reversed";5;908541
3300;"reversed";5;925917
3400;"reversed";5;941500
3500;"reversed";5;955750
3600;"reversed";5;977791
3700;"reversed";5;996250
3800;"reversed";5;1013625
3900;"reversed";5;1029750
4000;"reversed";5;1048250
4100;"reversed";5;1064000
4200;"reversed";5;1086917
4300;"reversed";5;1103667
4400;"reversed";5;1119291
4500;"reversed";5;1133416
4600;"reversed";5;1152542
4700;"reversed";5;1171709
4800;"reversed";5;1194125
4900;"reversed";5;1212250
5000;"reversed";5;1227709
5100;"reversed";5;1237709
5200;"reversed";5;1294125
5300;"reversed";5;1360166
5400;"reversed";5;1426417
5500;"reversed";5;1501709
5600;"reversed";5;1550000
5700;"reversed";5;1614500
5800;"reversed";5;1688584
5900;"reversed";5;1743500
6000;"reversed";5;1809750
6100;"reversed";5;1848750
6200;"reversed";5;1886583
6300;"reversed";5;1905083
6400;"reversed";5;1915875
6500;"reversed";5;1940375
6600;"reversed";5;1960167
6700;"reversed";5;1974667
6800;"reversed";5;1995375
6900;"reversed";5;2007334
7000;"reversed";5;2022917
7100;"reversed";5;2042708
7200;"reversed";5;2070083
7300;"reversed";5;2088625
7400;"reversed";5;2104458
7500;"reversed";5;2128291
7600;"reversed";5;2152792
7700;"reversed";5;2162667
7800;"reversed";5;2178500
7900;"reversed";5;2199083
8000;"reversed";5;2220709
8100;"reversed";5;2249042
8200;"reversed";5;2260167
8300;"reversed";5;2289583
8400;"reversed";5;2304792
8500;"reversed";5;2326666
8600;"reversed";5;2345625
8700;"reversed";5;2367625
8800;"reversed";5;2376084
8900;"reversed";5;2391417
9000;"reversed";5;2409541
9100;"reversed";5;2429625
9200;"reversed";5;2452292
9300;"reversed";5;2479208
9400;"reversed";5;2509708
9500;"reversed";5;2519959
9600;"reversed";5;2534875
9700;"reversed";5;2557375
9800;"reversed";5;2574916
9900;"reversed";5;2595750
10000;"reversed";5;2607250
500;"almost_sorted";5;108208
600;"almost_sorted";5;119167
700;"almost_sorted";5;157916
800;"almost_sorted";5;199291
900;"almost_sorted";5;214083
1000;"almost_sorted";5;227042
1100;"almost_sorted";5;242750
1200;"almost_sorted";5;257500
1300;"almost_sorted";5;280125
1400;"almost_sorted";5;338875
1500;"almost_sorted";5;395375
1600;"almost_sorted";5;424917
1700;"almost_sorted";5;442375
1800;"almost_sorted";5;457833
1900;"almost_sorted";5;473417
2000;"almost_sorted";5;489125
2100;"almost_sorted";5;508625
2200;"almost_sorted";5;522708
2300;"almost_sorted";5;537375
2400;"almost_sorted";5;554666
2500;"almost_sorted";5;568542
2600;"almost_sorted";5;610125
2700;"almost_sorted";5;671000
2800;"almost_sorted";5;726416
2900;"almost_sorted";5;782958
3000;"almost_sorted";5;837875
3100;"almost_sorted";5;887625
3200;"almost_sorted";5;904875
3300;"almost_sorted";5;922750
3400;"almost_sorted";5;935375
3500;"almost_sorted";5;951292
3600;"almost_sorted";5;975334
3700;"almost_sorted";5;988042
3800;"almost_sorted";5;1007584
3900;"almost_sorted";5;1019750
4000;"almost_sorted";5;1040333
4100;"almost_sorted";5;1060167
4200;"almost_sorted";5;1080208
4300;"almost_sorted";5;1103083
4400;"almost_sorted";5;1112458
4500;"almost_sorted";5;1123333
4600;"almost_sorted";5;1144000
4700;"almost_sorted";5;1166417
4800;"almost_sorted";5;1225417
4900;"almost_sorted";5;1217750
5000;"almost_sorted";5;1212250
5100;"almost_sorted";5;1223958
5200;"almost_sorted";5;1276208
5300;"almost_sorted";5;1338792
5400;"almost_sorted";5;1400250
5500;"almost_sorted";5;1460084
5600;"almost_sorted";5;1520417
5700;"almost_sorted";5;1575583
5800;"almost_sorted";5;1639250
5900;"almost_sorted";5;1687417
6000;"almost_sorted";5;1750500
6100;"almost_sorted";5;1813208
6200;"almost_sorted";5;1859042
6300;"almost_sorted";5;1870958
6400;"almost_sorted";5;1886417
6500;"almost_sorted";5;1912208
6600;"almost_sorted";5;1929916
6700;"almost_sorted";5;1949292
6800;"almost_sorted";5;1961041
6900;"almost_sorted";5;1981666
7000;"almost_sorted";5;2003000
7100;"almost_sorted";5;2025709
7200;"almost_sorted";5;2047916
7300;"almost_sorted";5;2069792
7400;"almost_sorted";5;2091583
7500;"almost_sorted";5;2106791
7600;"almost_sorted";5;2126125
7700;"almost_sorted";5;2144333
7800;"almost_sorted";5;2163333
7900;"almost_sorted";5;2178875
8000;"almost_sorted";5;2194291
8100;"almost_sorted";5;2198167
8200;"almost_sorted";5;2230125
8300;"almost_sorted";5;2266291
8400;"almost_sorted";5;2281709
8500;"almost_sorted";5;2297625
8600;"almost_sorted";5;2320833
8700;"almost_sorted";5;2338583
8800;"almost_sorted";5;2356209
8900;"almost_sorted";5;2386875
9000;"almost_sorted";5;2389041
9100;"almost_sorted";5;2414375
9200;"almost_sorted";5;2432458
9300;"almost_sorted";5;2460042
9400;"almost_sorted";5;2479792
9500;"almost_sorted";5;2500042
9600;"almost_sorted";5;2523375
9700;"almost_sorted";5;2536042
9800;"almost_sorted";5;2555166
9900;"almost_sorted";5;2568458
10000;"almost_sorted";5;2582625
500;"random";10;77750
600;"random";10;87916
700;"random";10;132333
800;"random";10;147167
900;"random";10;158000
1000;"random";10;169541
1100;"random";10;183333
1200;"random";10;194750
1300;"random";10;218083
1400;"random";10;283500
1500;"random";10;304292
1600;"random";10;316625
1700;"random";10;329583
1800;"random";10;343375
1900;"random";10;356916
2000;"random";10;371041
2100;"random";10;382917
2200;"random";10;397875
2300;"random";10;408208
2400;"random";10;422416
2500;"random";10;434416
2600;"random";10;472333
2700;"random";10;541792
2800;"random";10;608000
2900;"random";10;632542
3000;"random";10;649125
3100;"random";10;668584
3200;"random";10;678792
3300;"random";10;694750
3400;"random";10;712334
3500;"random";10;725042
3600;"random";10;737416
3700;"random";10;760625
3800;"random";10;772083
3900;"random";10;786458
4000;"random";10;801792
4100;"random";10;830333
4200;"random";10;838000
4300;"random";10;851958
4400;"random";10;861833
4500;"random";10;877167
4600;"random";10;890708
4700;"random";10;907958
4800;"random";10;922083
4900;"random";10;939125
5000;"random";10;950875
5100;"random";10;962208
5200;"random";10;1032041
5300;"random";10;1099792
5400;"random";10;1170625
5500;"random";10;1237458
5600;"random";10;1304625
5700;"random";10;1337334
5800;"random";10;1352666
5900;"random";10;1373709
6000;"random";10;1391083
6100;"random";10;1405000
6200;"random";10;1427750
6300;"random";10;1440708
6400;"random";10;1478250
6500;"random";10;1471000
6600;"random";10;1483750
6700;"random";10;1505292
6800;"random";10;1517292
6900;"random";10;1535167
7000;"random";10;1554291
7100;"random";10;1571750
7200;"random";10;1586625
7300;"random";10;1609083
7400;"random";10;1628875
7500;"random";10;1640250
7600;"random";10;1661875
7700;"random";10;1678292
7800;"random";10;1691750
7900;"random";10;1712208
8000;"random";10;1728959
8100;"random";10;1736208
8200;"random";10;1764916
8300;"random";10;1775542
8400;"random";10;1799708
8500;"random";10;1805458
8600;"random";10;1844583
8700;"random";10;1861208
8800;"random";10;1868458
8900;"random";10;1892917
9000;"random";10;1904792
9100;"random";10;1916125
9200;"random";10;1925666
9300;"random";10;1962041
9400;"random";10;1971250
9500;"random";10;1986209
9600;"random";10;2002167
9700;"random";10;2015125
9800;"random";10;2039208
9900;"random";10;2052917
10000;"random";10;2070500
500;"reversed";10;74333
600;"reversed";10;84875
700;"reversed";10;127084
800;"reversed";10;140459
900;"reversed";10;152208
1000;"reversed";10;164625
1100;"reversed";10;178042
1200;"reversed";10;189459
1300;"reversed";10;212416
1400;"reversed";10;277500
1500;"reversed";10;297083
1600;"reversed";10;310458
1700;"reversed";10;322750
1800;"reversed";10;337375
1900;"reversed";10;352000
2000;"reversed";10;364625
2100;"reversed";10;379583
2200;"reversed";10;393250
2300;"reversed";10;404583
2400;"reversed";10;417792
2500;"reversed";10;430125
2600;"reversed";10;467833
2700;"reversed";10;537416
2800;"reversed";10;600000
2900;"reversed";10;622958
3000;"reversed";10;639917
3100;"reversed";10;656792
3200;"reversed";10;671625
3300;"reversed";10;684834
3400;"reversed";10;700417
3500;"reversed";10;714333
3600;"reversed";10;729125
3700;"reversed";10;746958
3800;"reversed";10;763333
3900;"reversed";10;775250
4000;"reversed";10;790917
4100;"reversed";10;810417
4200;"reversed";10;820583
4300;"reversed";10;838417
4400;"reversed";10;855584
4500;"reversed";10;870416
4600;"reversed";10;883166
4700;"reversed";10;899625
4800;"reversed";10;914334
4900;"reversed";10;928750
5000;"reversed";10;940958
5100;"reversed";10;954541
5200;"reversed";10;1019750
5300;"reversed";10;1089042
5400;"reversed";10;1157459
5500;"reversed";10;1229375
5600;"reversed";10;1321750
5700;"reversed";10;1347250
5800;"reversed";10;1403292
5900;"reversed";10;1427708
6000;"reversed";10;1378292
6100;"reversed";10;1393166
6200;"reversed";10;1415583
6300;"reversed";10;1428792
6400;"reversed";10;1437250
6500;"reversed";10;1459708
6600;"reversed";10;1474292
6700;"reversed";10;1493875
6800;"reversed";10;1507083
6900;"reversed";10;1528500
7000;"reversed";10;1543625
7100;"reversed";10;1561125
7200;"reversed";10;1580583
7300;"reversed";10;1595625
7400;"reversed";10;1624667
7500;"reversed";10;1729042
7600;"reversed";10;1654667
7700;"reversed";10;1668166
7800;"reversed";10;1682083
7900;"reversed";10;1714292
8000;"reversed";10;1720291
8100;"reversed";10;1735666
8200;"reversed";10;1752084
8300;"reversed";10;1761083
8400;"reversed";10;1807375
8500;"reversed";10;1798000
8600;"reversed";10;1814459
8700;"reversed";10;1829208
8800;"reversed";10;1861417
8900;"reversed";10;1906167
9000;"reversed";10;1923125
9100;"reversed";10;1939000
9200;"reversed";10;1948041
9300;"reversed";10;1987875
9400;"reversed";10;1978333
9500;"reversed";10;1995583
9600;"reversed";10;2013916
9700;"reversed";10;2031167
9800;"reversed";10;2048417
9900;"reversed";10;2058041
10000;"reversed";10;2076458
500;"almost_sorted";10;76250
600;"almost_sorted";10;86666
700;"almost_sorted";10;129166
800;"almost_sorted";10;143458
900;"almost_sorted";10;156833
1000;"almost_sorted";10;170459
1100;"almost_sorted";10;179875
1200;"almost_sorted";10;191792
1300;"almost_sorted";10;216125
1400;"almost_sorted";10;280083
1500;"almost_sorted";10;298708
1600;"almost_sorted";10;315417
1700;"almost_sorted";10;324000
1800;"almost_sorted";10;339333
1900;"almost_sorted";10;352792
2000;"almost_sorted";10;365375
2100;"almost_sorted";10;383500
2200;"almost_sorted";10;396166
2300;"almost_sorted";10;409583
2400;"almost_sorted";10;421167
2500;"almost_sorted";10;434834
2600;"almost_sorted";10;470834
2700;"almost_sorted";10;539959
2800;"almost_sorted";10;606333
2900;"almost_sorted";10;630083
3000;"almost_sorted";10;645625
3100;"almost_sorted";10;665791
3200;"almost_sorted";10;677000
3300;"almost_sorted";10;691209
3400;"almost_sorted";10;704250
3500;"almost_sorted";10;719375
3600;"almost_sorted";10;737166
3700;"almost_sorted";10;754791
3800;"almost_sorted";10;769958
3900;"almost_sorted";10;781625
4000;"almost_sorted";10;794792
4100;"almost_sorted";10;811125
4200;"almost_sorted";10;835333
4300;"almost_sorted";10;848041
4400;"almost_sorted";10;862875
4500;"almost_sorted";10;877458
4600;"almost_sorted";10;892250
4700;"almost_sorted";10;985209
4800;"almost_sorted";10;1021959
4900;"almost_sorted";10;1032333
5000;"almost_sorted";10;1045750
5100;"almost_sorted";10;1070667
5200;"almost_sorted";10;1134125
5300;"almost_sorted";10;1227333
5400;"almost_sorted";10;1318583
5500;"almost_sorted";10;1368167
5600;"almost_sorted";10;1448541
5700;"almost_sorted";10;1434125
5800;"almost_sorted";10;1446167
5900;"almost_sorted";10;1456833
6000;"almost_sorted";10;1482250
6100;"almost_sorted";10;1502000
6200;"almost_sorted";10;1523500
6300;"almost_sorted";10;1541625
6400;"almost_sorted";10;1548667
6500;"almost_sorted";10;1574417
6600;"almost_sorted";10;1583833
6700;"almost_sorted";10;1557833
6800;"almost_sorted";10;1526083
6900;"almost_sorted";10;1536000
7000;"almost_sorted";10;1568250
7100;"almost_sorted";10;1576042
7200;"almost_sorted";10;1595542
7300;"almost_sorted";10;1616208
7400;"almost_sorted";10;1630917
7500;"almost_sorted";10;1646334
7600;"almost_sorted";10;1668834
7700;"almost_sorted";10;1679084
7800;"almost_sorted";10;1694125
7900;"almost_sorted";10;1711958
8000;"almost_sorted";10;1723833
8100;"almost_sorted";10;1746583
8200;"almost_sorted";10;1762166
8300;"almost_sorted";10;1785208
8400;"almost_sorted";10;1797375
8500;"almost_sorted";10;1829458
8600;"almost_sorted";10;1830917
8700;"almost_sorted";10;1850208
8800;"almost_sorted";10;1883250
8900;"almost_sorted";10;1887125
9000;"almost_sorted";10;1911291
9100;"almost_sorted";10;1923791
9200;"almost_sorted";10;1934125
9300;"almost_sorted";10;1953125
9400;"almost_sorted";10;1969042
9500;"almost_sorted";10;1982041
9600;"almost_sorted";10;1997875
9700;"almost_sorted";10;2014958
9800;"almost_sorted";10;2033667
9900;"almost_sorted";10;2051125
10000;"almost_sorted";10;2068167
500;"random";20;57417
600;"random";20;66417
700;"random";20;103583
800;"random";20;111292
900;"random";20;121000
1000;"random";20;129625
1100;"random";20;144250
1200;"random";20;151792
1300;"random";20;177959
1400;"random";20;221417
1500;"random";20;234416
1600;"random";20;248750
1700;"random";20;258208
1800;"random";20;267833
1900;"random";20;278458
2000;"random";20;289958
2100;"random";20;304333
2200;"random";20;317000
2300;"random";20;327750
2400;"random";20;341333
2500;"random";20;352125
2600;"random";20;397875
2700;"random";20;476167
2800;"random";20;486916
2900;"random";20;500083
3000;"random";20;514500
3100;"random";20;528375
3200;"random";20;539834
3300;"random";20;560500
3400;"random";20;568417
3500;"random";20;580417
3600;"random";20;593833
3700;"random";20;605500
3800;"random";20;649959
3900;"random";20;630083
4000;"random";20;642208
4100;"random";20;657125
4200;"random";20;674375
4300;"random";20;693500
4400;"random";20;700917
4500;"random";20;715792
4600;"random";20;728166
4700;"random";20;743042
4800;"random";20;758167
4900;"random";20;767667
5000;"random";20;786083
5100;"random";20;797125
5200;"random";20;869292
5300;"random";20;960916
5400;"random";20;1029042
5500;"random";20;1046458
5600;"random";20;1059833
5700;"random";20;1074000
5800;"random";20;1085458
5900;"random";20;1103792
6000;"random";20;1120459
6100;"random";20;1132708
6200;"random";20;1148625
6300;"random";20;1165208
6400;"random";20;1180000
6500;"random";20;1194458
6600;"random";20;1210250
6700;"random";20;1221250
6800;"random";20;1238250
6900;"random";20;1251458
7000;"random";20;1266208
7100;"random";20;1277875
7200;"random";20;1294333
7300;"random";20;1309917
7400;"random";20;1322166
7500;"random";20;1368208
7600;"random";20;1353791
7700;"random";20;1362666
7800;"random";20;1377791
7900;"random";20;1391583
8000;"random";20;1404625
8100;"random";20;1428333
8200;"random";20;1446625
8300;"random";20;1496959
8400;"random";20;1487667
8500;"random";20;1514334
8600;"random";20;1515792
8700;"random";20;1523375
8800;"random";20;1538167
8900;"random";20;1555333
9000;"random";20;1568125
9100;"random";20;1585125
9200;"random";20;1595875
9300;"random";20;1616708
9400;"random";20;1641708
9500;"random";20;1643000
9600;"random";20;1657333
9700;"random";20;1674917
9800;"random";20;1687167
9900;"random";20;1702000
10000;"random";20;1717708
500;"reversed";20;55334
600;"reversed";20;64500
700;"reversed";20;99500
800;"reversed";20;106708
900;"reversed";20;116541
1000;"reversed";20;125708
1100;"reversed";20;140042
1200;"reversed";20;147042
1300;"reversed";20;171916
1400;"reversed";20;215708
1500;"reversed";20;227500
1600;"reversed";20;239000
1700;"reversed";20;251791
1800;"reversed";20;267375
1900;"reversed";20;273500
2000;"reversed";20;283208
2100;"reversed";20;299208
2200;"reversed";20;310750
2300;"reversed";20;323250
2400;"reversed";20;333583
2500;"reversed";20;344959
2600;"reversed";20;388333
2700;"reversed";20;466583
2800;"reversed";20;478750
2900;"reversed";20;494042
3000;"reversed";20;506375
3100;"reversed";20;525500
3200;"reversed";20;533958
3300;"reversed";20;550208
3400;"reversed";20;556834
3500;"reversed";20;568459
3600;"reversed";20;584083
3700;"reversed";20;596625
3800;"reversed";20;608250
3900;"reversed";20;621458
4000;"reversed";20;636500
4100;"reversed";20;651833
4200;"reversed";20;665166
4300;"reversed";20;684083
4400;"reversed";20;692917
4500;"reversed";20;707333
4600;"reversed";20;738792
4700;"reversed";20;732750
4800;"reversed";20;750542
4900;"reversed";20;757084
5000;"reversed";20;776125
5100;"reversed";20;786042
5200;"reversed";20;864667
5300;"reversed";20;952708
5400;"reversed";20;1020166
5500;"reversed";20;1034125
5600;"reversed";20;1045292
5700;"reversed";20;1064000
5800;"reversed";20;1077334
5900;"reversed";20;1095833
6000;"reversed";20;1106500
6100;"reversed";20;1123625
6200;"reversed";20;1139125
6300;"reversed";20;1156583
6400;"reversed";20;1167750
6500;"reversed";20;1186208
6600;"reversed";20;1200875
6700;"reversed";20;1209334
6800;"reversed";20;1224917
6900;"reversed";20;1238542
7000;"reversed";20;1260792
7100;"reversed";20;1270750
7200;"reversed";20;1284083
7300;"reversed";20;1300750
7400;"reversed";20;1312417
7500;"reversed";20;1324750
7600;"reversed";20;1336583
7700;"reversed";20;1360250
7800;"reversed";20;1370084
7900;"reversed";20;1420250
8000;"reversed";20;1394500
8100;"reversed";20;1416500
8200;"reversed";20;1434209
8300;"reversed";20;1451375
8400;"reversed";20;1465375
8500;"reversed";20;1487291
8600;"reversed";20;1499708
8700;"reversed";20;1509334
8800;"reversed";20;1525292
8900;"reversed";20;1554916
9000;"reversed";20;1563916
9100;"reversed";20;1573750
9200;"reversed";20;1591958
9300;"reversed";20;1606917
9400;"reversed";20;1617541
9500;"reversed";20;1632333
9600;"reversed";20;1646792
9700;"reversed";20;1657208
9800;"reversed";20;1678166
9900;"reversed";20;1690833
10000;"reversed";20;1707709
500;"almost_sorted";20;55208
600;"almost_sorted";20;64208
700;"almost_sorted";20;96666
800;"almost_sorted";20;106750
900;"almost_sorted";20;116208
1000;"almost_sorted";20;125584
1100;"almost_sorted";20;137167
1200;"almost_sorted";20;147459
1300;"almost_sorted";20;172542
1400;"almost_sorted";20;214709
1500;"almost_sorted";20;226625
1600;"almost_sorted";20;237917
1700;"almost_sorted";20;248917
1800;"almost_sorted";20;260250
1900;"almost_sorted";20;274209
2000;"almost_sorted";20;284750
2100;"almost_sorted";20;297833
2200;"almost_sorted";20;310584
2300;"almost_sorted";20;321625
2400;"almost_sorted";20;331959
2500;"almost_sorted";20;344084
2600;"almost_sorted";20;388167
2700;"almost_sorted";20;462084
2800;"almost_sorted";20;475459
2900;"almost_sorted";20;488875
3000;"almost_sorted";20;504167
3100;"almost_sorted";20;520834
3200;"almost_sorted";20;527834
3300;"almost_sorted";20;543209
3400;"almost_sorted";20;553083
3500;"almost_sorted";20;567125
3600;"almost_sorted";20;580334
3700;"almost_sorted";20;593000
3800;"almost_sorted";20;605125
3900;"almost_sorted";20;617792
4000;"almost_sorted";20;629541
4100;"almost_sorted";20;644583
4200;"almost_sorted";20;662042
4300;"almost_sorted";20;677625
4400;"almost_sorted";20;688417
4500;"almost_sorted";20;703625
4600;"almost_sorted";20;717083
4700;"almost_sorted";20;729416
4800;"almost_sorted";20;742250
4900;"almost_sorted";20;756583
5000;"almost_sorted";20;769167
5100;"almost_sorted";20;782292
5200;"almost_sorted";20;871666
5300;"almost_sorted";20;944000
5400;"almost_sorted";20;1011834
5500;"almost_sorted";20;1025125
5600;"almost_sorted";20;1040166
5700;"almost_sorted";20;1058208
5800;"almost_sorted";20;1073417
5900;"almost_sorted";20;1086000
6000;"almost_sorted";20;1102250
6100;"almost_sorted";20;1115958
6200;"almost_sorted";20;1132708
6300;"almost_sorted";20;1150166
6400;"almost_sorted";20;1164000
6500;"almost_sorted";20;1181458
6600;"almost_sorted";20;1198000
6700;"almost_sorted";20;1205417
6800;"almost_sorted";20;1220000
6900;"almost_sorted";20;1234708
7000;"almost_sorted";20;1247916
7100;"almost_sorted";20;1262958
7200;"almost_sorted";20;1279083
7300;"almost_sorted";20;1294625
7400;"almost_sorted";20;1307917
7500;"almost_sorted";20;1321708
7600;"almost_sorted";20;1334500
7700;"almost_sorted";20;1354208
7800;"almost_sorted";20;1364125
7900;"almost_sorted";20;1379542
8000;"almost_sorted";20;1390500
8100;"almost_sorted";20;1412834
8200;"almost_sorted";20;1426584
8300;"almost_sorted";20;1443500
8400;"almost_sorted";20;1457583
8500;"almost_sorted";20;1479208
8600;"almost_sorted";20;1492541
8700;"almost_sorted";20;1504834
8800;"almost_sorted";20;1522875
8900;"almost_sorted";20;1537209
9000;"almost_sorted";20;1550667
9100;"almost_sorted";20;1566166
9200;"almost_sorted";20;1591250
9300;"almost_sorted";20;1597125
9400;"almost_sorted";20;1613500
9500;"almost_sorted";20;1623292
9600;"almost_sorted";20;1640541
9700;"almost_sorted";20;1654208
9800;"almost_sorted";20;1674125
9900;"almost_sorted";20;1687541
10000;"almost_sorted";20;1704208
500;"random";30;57375
600;"random";30;66417
700;"random";30;75125
800;"random";30;84250
900;"random";30;92250
1000;"random";30;130042
1100;"random";30;140833
1200;"random";30;152375
1300;"random";30;161916
1400;"random";30;171375
1500;"random";30;182209
1600;"random";30;192000
1700;"random";30;202417
1800;"random";30;212208
1900;"random";30;221000
2000;"random";30;288750
2100;"random";30;304958
2200;"random";30;316500
2300;"random";30;327917
2400;"random";30;349166
2500;"random";30;352000
2600;"random";30;363375
2700;"random";30;375834
2800;"random";30;386417
2900;"random";30;398333
3000;"random";30;409791
3100;"random";30;420625
3200;"random";30;433500
3300;"random";30;446166
3400;"random";30;457500
3500;"random";30;467416
3600;"random";30;479583
3700;"random";30;491291
3800;"random";30;504208
3900;"random";30;568209
4000;"random";30;639000
4100;"random";30;656333
4200;"random";30;674750
4300;"random";30;690125
4400;"random";30;700292
4500;"random";30;713791
4600;"random";30;724500
4700;"random";30;743125
4800;"random";30;755584
4900;"random";30;767083
5000;"random";30;781375
5100;"random";30;794291
5200;"random";30;809083
5300;"random";30;823292
5400;"random";30;835542
5500;"random";30;847583
5600;"random";30;859291
5700;"random";30;872042
5800;"random";30;885875
5900;"random";30;900667
6000;"random";30;911833
6100;"random";30;924541
6200;"random";30;939583
6300;"random";30;956750
6400;"random";30;967459
6500;"random";30;979792
6600;"random";30;991875
6700;"random";30;1004125
6800;"random";30;1019958
6900;"random";30;1030417
7000;"random";30;1043792
7100;"random";30;1057042
7200;"random";30;1072208
7300;"random";30;1087667
7400;"random";30;1098459
7500;"random";30;1111875
7600;"random";30;1123542
7700;"random";30;1156666
7800;"random";30;1258166
7900;"random";30;1358083
8000;"random";30;1401750
8100;"random";30;1427542
8200;"random";30;1440708
8300;"random";30;1458292
8400;"random";30;1476250
8500;"random";30;1497458
8600;"random";30;1507583
8700;"random";30;1523416
8800;"random";30;1535792
8900;"random";30;1552166
9000;"random";30;1564625
9100;"random";30;1581666
9200;"random";30;1593417
9300;"random";30;1610583
9400;"random";30;1629458
9500;"random";30;1640917
9600;"random";30;1656625
9700;"random";30;1671875
9800;"random";30;1686083
9900;"random";30;1700708
10000;"random";30;1716875
500;"reversed";30;55125
600;"reversed";30;64625
700;"reversed";30;73208
800;"reversed";30;81500
900;"reversed";30;89667
1000;"reversed";30;125958
1100;"reversed";30;137458
1200;"reversed";30;147291
1300;"reversed";30;156916
1400;"reversed";30;168208
1500;"reversed";30;177792
1600;"reversed";30;187750
1700;"reversed";30;198875
1800;"reversed";30;208542
1900;"reversed";30;217625
2000;"reversed";30;283625
2100;"reversed";30;303708
2200;"reversed";30;336417
2300;"reversed";30;335709
2400;"reversed";30;335083
2500;"reversed";30;345583
2600;"reversed";30;351459
2700;"reversed";30;363958
2800;"reversed";30;375167
2900;"reversed";30;386500
3000;"reversed";30;396292
3100;"reversed";30;409458
3200;"reversed";30;419625
3300;"reversed";30;432542
3400;"reversed";30;443083
3500;"reversed";30;452250
3600;"reversed";30;464916
3700;"reversed";30;478584
3800;"reversed";30;502084
3900;"reversed";30;552167
4000;"reversed";30;621000
4100;"reversed";30;636750
4200;"reversed";30;652917
4300;"reversed";30;668500
4400;"reversed";30;681083
4500;"reversed";30;696292
4600;"reversed";30;711667
4700;"reversed";30;719209
4800;"reversed";30;732625
4900;"reversed";30;744459
5000;"reversed";30;771917
5100;"reversed";30;779458
5200;"reversed";30;789041
5300;"reversed";30;800584
5400;"reversed";30;815833
5500;"reversed";30;824334
5600;"reversed";30;835583
5700;"reversed";30;849875
5800;"reversed";30;874167
5900;"reversed";30;898625
6000;"reversed";30;909334
6100;"reversed";30;921500
6200;"reversed";30;938000
6300;"reversed";30;951833
6400;"reversed";30;959458
6500;"reversed";30;974333
6600;"reversed";30;987125
6700;"reversed";30;1000333
6800;"reversed";30;1012916
6900;"reversed";30;1053500
7000;"reversed";30;1027083
7100;"reversed";30;1040042
7200;"reversed";30;1059458
7300;"reversed";30;1069750
7400;"reversed";30;1088083
7500;"reversed";30;1097959
7600;"reversed";30;1109708
7700;"reversed";30;1145125
7800;"reversed";30;1289250
7900;"reversed";30;1400250
8000;"reversed";30;1448500
8100;"reversed";30;1455750
8200;"reversed";30;1480333
8300;"reversed";30;1492083
8400;"reversed";30;1512083
8500;"reversed";30;1518541
8600;"reversed";30;1548292
8700;"reversed";30;1497791
8800;"reversed";30;1514125
8900;"reversed";30;1532083
9000;"reversed";30;1545291
9100;"reversed";30;1563209
9200;"reversed";30;1577000
9300;"reversed";30;1592959
9400;"reversed";30;1615500
9500;"reversed";30;1622583
9600;"reversed";30;1640209
9700;"reversed";30;1647667
9800;"reversed";30;1669416
9900;"reversed";30;1683125
10000;"reversed";30;1698584
500;"almost_sorted";30;54625
600;"almost_sorted";30;63208
700;"almost_sorted";30;71375
800;"almost_sorted";30;79333
900;"almost_sorted";30;87417
1000;"almost_sorted";30;123958
1100;"almost_sorted";30;134833
1200;"almost_sorted";30;144375
1300;"almost_sorted";30;159125
1400;"almost_sorted";30;168584
1500;"almost_sorted";30;175417
1600;"almost_sorted";30;185458
1700;"almost_sorted";30;195083
1800;"almost_sorted";30;206042
1900;"almost_sorted";30;215750
2000;"almost_sorted";30;282666
2100;"almost_sorted";30;296334
2200;"almost_sorted";30;308709
2300;"almost_sorted";30;317833
2400;"almost_sorted";30;329000
2500;"almost_sorted";30;340583
2600;"almost_sorted";30;351416
2700;"almost_sorted";30;363500
2800;"almost_sorted";30;380250
2900;"almost_sorted";30;388500
3000;"almost_sorted";30;399083
3100;"almost_sorted";30;410917
3200;"almost_sorted";30;423250
3300;"almost_sorted";30;434083
3400;"almost_sorted";30;444833
3500;"almost_sorted";30;455500
3600;"almost_sorted";30;465833
3700;"almost_sorted";30;480667
3800;"almost_sorted";30;490375
3900;"almost_sorted";30;556875
4000;"almost_sorted";30;627167
4100;"almost_sorted";30;643208
4200;"almost_sorted";30;655959
4300;"almost_sorted";30;675417
4400;"almost_sorted";30;685041
4500;"almost_sorted";30;696625
4600;"almost_sorted";30;713708
4700;"almost_sorted";30;724292
4800;"almost_sorted";30;734833
4900;"almost_sorted";30;747375
5000;"almost_sorted";30;761542
5100;"almost_sorted";30;771666
5200;"almost_sorted";30;786500
5300;"almost_sorted";30;804000
5400;"almost_sorted";30;815125
5500;"almost_sorted";30;836500
5600;"almost_sorted";30;844042
5700;"almost_sorted";30;858208
5800;"almost_sorted";30;869792
5900;"almost_sorted";30;883542
6000;"almost_sorted";30;895375
6100;"almost_sorted";30;907417
6200;"almost_sorted";30;923250
6300;"almost_sorted";30;936042
6400;"almost_sorted";30;946833
6500;"almost_sorted";30;966416
6600;"almost_sorted";30;974000
6700;"almost_sorted";30;989625
6800;"almost_sorted";30;998666
6900;"almost_sorted";30;1012916
7000;"almost_sorted";30;1027000
7100;"almost_sorted";30;1038000
7200;"almost_sorted";30;1052667
7300;"almost_sorted";30;1072542
7400;"almost_sorted";30;1082208
7500;"almost_sorted";30;1090459
7600;"almost_sorted";30;1105917
7700;"almost_sorted";30;1137833
7800;"almost_sorted";30;1244667
7900;"almost_sorted";30;1347834
8000;"almost_sorted";30;1390750
8100;"almost_sorted";30;1394417
8200;"almost_sorted";30;1445459
8300;"almost_sorted";30;1433458
8400;"almost_sorted";30;1451458
8500;"almost_sorted";30;1464375
8600;"almost_sorted";30;1504834
8700;"almost_sorted";30;1492750
8800;"almost_sorted";30;1512333
8900;"almost_sorted";30;1530834
9000;"almost_sorted";30;1542000
9100;"almost_sorted";30;1556292
9200;"almost_sorted";30;1573375
9300;"almost_sorted";30;1587000
9400;"almost_sorted";30;1598750
9500;"almost_sorted";30;1613625
9600;"almost_sorted";30;1636709
9700;"almost_sorted";30;1644708
9800;"almost_sorted";30;1659208
9900;"almost_sorted";30;1674083
10000;"almost_sorted";30;1688125
500;"random";50;41541
600;"random";50;48542
700;"random";50;55417
800;"random";50;62375
900;"random";50;90458
1000;"random";50;98125
1100;"random";50;107333
1200;"random";50;115291
1300;"random";50;124416
1400;"random";50;131959
1500;"random";50;141458
1600;"random";50;148750
1700;"random";50;199458
1800;"random";50;208791
1900;"random";50;218459
2000;"random";50;226917
2100;"random";50;236250
2200;"random";50;247625
2300;"random";50;256666
2400;"random";50;267333
2500;"random";50;281042
2600;"random";50;287833
2700;"random";50;297041
2800;"random";50;308208
2900;"random";50;317791
3000;"random";50;328459
3100;"random";50;338000
3200;"random";50;348167
3300;"random";50;438083
3400;"random";50;450458
3500;"random";50;458958
3600;"random";50;470625
3700;"random";50;485292
3800;"random";50;494042
3900;"random";50;505583
4000;"random";50;516334
4100;"random";50;537333
4200;"random";50;538791
4300;"random";50;550708
4400;"random";50;561625
4500;"random";50;572500
4600;"random";50;586666
4700;"random";50;601791
4800;"random";50;609541
4900;"random";50;623125
5000;"random";50;632916
5100;"random";50;642167
5200;"random";50;658833
5300;"random";50;669875
5400;"random";50;680917
5500;"random";50;694834
5600;"random";50;705500
5700;"random";50;722541
5800;"random";50;728084
5900;"random";50;741333
6000;"random";50;751375
6100;"random";50;761667
6200;"random";50;774833
6300;"random";50;787791
6400;"random";50;795125
6500;"random";50;934667
6600;"random";50;985167
6700;"random";50;1014000
6800;"random";50;1008166
6900;"random";50;1017417
7000;"random";50;1034209
7100;"random";50;1046750
7200;"random";50;1056917
7300;"random";50;1074000
7400;"random";50;1091375
7500;"random";50;1103917
7600;"random";50;1116500
7700;"random";50;1129250
7800;"random";50;1140708
7900;"random";50;1155708
8000;"random";50;1166500
8100;"random";50;1180125
8200;"random";50;1195791
8300;"random";50;1202583
8400;"random";50;1225292
8500;"random";50;1225000
8600;"random";50;1243208
8700;"random";50;1262125
8800;"random";50;1289584
8900;"random";50;1308667
9000;"random";50;1320958
9100;"random";50;1382083
9200;"random";50;1383833
9300;"random";50;1344542
9400;"random";50;1369417
9500;"random";50;1376375
9600;"random";50;1384583
9700;"random";50;1398709
9800;"random";50;1416834
9900;"random";50;1426167
10000;"random";50;1443166
500;"reversed";50;40292
600;"reversed";50;47667
700;"reversed";50;54375
800;"reversed";50;60375
900;"reversed";50;87541
1000;"reversed";50;95458
1100;"reversed";50;105250
1200;"reversed";50;113875
1300;"reversed";50;122584
1400;"reversed";50;129792
1500;"reversed";50;138542
1600;"reversed";50;147167
1700;"reversed";50;197084
1800;"reversed";50;205542
1900;"reversed";50;216167
2000;"reversed";50;225667
2100;"reversed";50;235875
2200;"reversed";50;245375
2300;"reversed";50;254584
2400;"reversed";50;265708
2500;"reversed";50;275000
2600;"reversed";50;284666
2700;"reversed";50;293792
2800;"reversed";50;305333
2900;"reversed";50;316041
3000;"reversed";50;326041
3100;"reversed";50;335625
3200;"reversed";50;344709
3300;"reversed";50;435667
3400;"reversed";50;446917
3500;"reversed";50;455833
3600;"reversed";50;469458
3700;"reversed";50;485583
3800;"reversed";50;491000
3900;"reversed";50;500917
4000;"reversed";50;511417
4100;"reversed";50;527375
4200;"reversed";50;538792
4300;"reversed";50;549667
4400;"reversed";50;561500
4500;"reversed";50;572875
4600;"reversed";50;583834
4700;"reversed";50;598167
4800;"reversed";50;607500
4900;"reversed";50;620459
5000;"reversed";50;629625
5100;"reversed";50;638959
5200;"reversed";50;654083
5300;"reversed";50;665708
5400;"reversed";50;680000
5500;"reversed";50;692625
5600;"reversed";50;703250
5700;"reversed";50;715750
5800;"reversed";50;722292
5900;"reversed";50;738167
6000;"reversed";50;747500
6100;"reversed";50;757750
6200;"reversed";50;772166
6300;"reversed";50;784959
6400;"reversed";50;792333
6500;"reversed";50;928709
6600;"reversed";50;975375
6700;"reversed";50;988667
6800;"reversed";50;1000083
6900;"reversed";50;1014500
7000;"reversed";50;1029208
7100;"reversed";50;1041917
7200;"reversed";50;1055667
7300;"reversed";50;1067167
7400;"reversed";50;1087333
7500;"reversed";50;1095792
7600;"reversed";50;1110375
7700;"reversed";50;1124000
7800;"reversed";50;1134208
7900;"reversed";50;1150083
8000;"reversed";50;1162167
8100;"reversed";50;1169667
8200;"reversed";50;1191458
8300;"reversed";50;1198334
8400;"reversed";50;1210666
8500;"reversed";50;1223917
8600;"reversed";50;1240042
8700;"reversed";50;1250208
8800;"reversed";50;1270542
8900;"reversed";50;1284500
9000;"reversed";50;1297125
9100;"reversed";50;1319333
9200;"reversed";50;1326084
9300;"reversed";50;1341250
9400;"reversed";50;1356041
9500;"reversed";50;1365041
9600;"reversed";50;1380375
9700;"reversed";50;1386000
9800;"reversed";50;1405917
9900;"reversed";50;1418917
10000;"reversed";50;1432792
500;"almost_sorted";50;40083
600;"almost_sorted";50;46834
700;"almost_sorted";50;53708
800;"almost_sorted";50;60250
900;"almost_sorted";50;87500
1000;"almost_sorted";50;95250
1100;"almost_sorted";50;103541
1200;"almost_sorted";50;111917
1300;"almost_sorted";50;121042
1400;"almost_sorted";50;128459
1500;"almost_sorted";50;138292
1600;"almost_sorted";50;146083
1700;"almost_sorted";50;195250
1800;"almost_sorted";50;205542
1900;"almost_sorted";50;215584
2000;"almost_sorted";50;223917
2100;"almost_sorted";50;236167
2200;"almost_sorted";50;245833
2300;"almost_sorted";50;254750
2400;"almost_sorted";50;264250
2500;"almost_sorted";50;274250
2600;"almost_sorted";50;284167
2700;"almost_sorted";50;293292
2800;"almost_sorted";50;304542
2900;"almost_sorted";50;315084
3000;"almost_sorted";50;325041
3100;"almost_sorted";50;335209
3200;"almost_sorted";50;343875
3300;"almost_sorted";50;433750
3400;"almost_sorted";50;444834
3500;"almost_sorted";50;455792
3600;"almost_sorted";50;466250
3700;"almost_sorted";50;480583
3800;"almost_sorted";50;490542
3900;"almost_sorted";50;500709
4000;"almost_sorted";50;512541
4100;"almost_sorted";50;525750
4200;"almost_sorted";50;537541
4300;"almost_sorted";50;548458
4400;"almost_sorted";50;562250
4500;"almost_sorted";50;572500
4600;"almost_sorted";50;586583
4700;"almost_sorted";50;596542
4800;"almost_sorted";50;605959
4900;"almost_sorted";50;618792
5000;"almost_sorted";50;628917
5100;"almost_sorted";50;637541
5200;"almost_sorted";50;653166
5300;"almost_sorted";50;666333
5400;"almost_sorted";50;678458
5500;"almost_sorted";50;691083
5600;"almost_sorted";50;702750
5700;"almost_sorted";50;718750
5800;"almost_sorted";50;726917
5900;"almost_sorted";50;734208
6000;"almost_sorted";50;749042
6100;"almost_sorted";50;755834
6200;"almost_sorted";50;770792
6300;"almost_sorted";50;783041
6400;"almost_sorted";50;790292
6500;"almost_sorted";50;928208
6600;"almost_sorted";50;973333
6700;"almost_sorted";50;985250
6800;"almost_sorted";50;999833
6900;"almost_sorted";50;1011375
7000;"almost_sorted";50;1024209
7100;"almost_sorted";50;1036583
7200;"almost_sorted";50;1050750
7300;"almost_sorted";50;1063333
7400;"almost_sorted";50;1081291
7500;"almost_sorted";50;1090500
7600;"almost_sorted";50;1104417
7700;"almost_sorted";50;1144333
7800;"almost_sorted";50;1130250
7900;"almost_sorted";50;1131584
8000;"almost_sorted";50;1141500
8100;"almost_sorted";50;1160416
8200;"almost_sorted";50;1193291
8300;"almost_sorted";50;1208250
8400;"almost_sorted";50;1222125
8500;"almost_sorted";50;1236042
8600;"almost_sorted";50;1249500
8700;"almost_sorted";50;1262417
8800;"almost_sorted";50;1275542
8900;"almost_sorted";50;1289416
9000;"almost_sorted";50;1302875
9100;"almost_sorted";50;1316291
9200;"almost_sorted";50;1329875
9300;"almost_sorted";50;1347333
9400;"almost_sorted";50;1358375
9500;"almost_sorted";50;1367375
9600;"almost_sorted";50;1382292
9700;"almost_sorted";50;1396375
9800;"almost_sorted";50;1409750
9900;"almost_sorted";50;1421959
10000;"almost_sorted";50;1438709
